{
    "emotion": {
        "angry": 0.016791332745924592,
        "disgust": 6.043665012889221e-08,
        "fear": 6.257230788469315,
        "happy": 0.2206274075433612,
        "sad": 0.5444344133138657,
        "surprise": 0.04100674414075911,
        "neutral": 92.91990995407104
    },
    "dominant_emotion": "neutral",
    "region": {
        "x": 106,
        "y": 22,
        "w": 58,
        "h": 58
    },
    "age": 25,
    "gender": "Man",
    "race": {
        "asian": 0.030012506673484245,
        "indian": 0.009379892772411672,
        "black": 0.00028609277933469205,
        "white": 94.55056851499457,
        "middle eastern": 2.5580611755775005,
        "latino hispanic": 2.8516842378158285
    },
    "dominant_race": "white"
}