{
    "emotion": {
        "angry": 1.0981317205066542e-08,
        "disgust": 4.780026822720451e-17,
        "fear": 4.118268818851105e-09,
        "happy": 99.79106186575066,
        "sad": 6.726285707430962e-07,
        "surprise": 1.8889546698069656e-05,
        "neutral": 0.2089200200241816
    },
    "dominant_emotion": "happy",
    "region": {
        "x": 91,
        "y": 38,
        "w": 70,
        "h": 70
    },
    "age": 32,
    "gender": "Man",
    "race": {
        "asian": 0.013303832383826375,
        "indian": 0.09365581208840013,
        "black": 0.002600553125375882,
        "white": 86.67502403259277,
        "middle eastern": 9.542134404182434,
        "latino hispanic": 3.6732830107212067
    },
    "dominant_race": "white"
}